,id,start_time,peak_time,end_time,peak_value,phase
0,FR.HOHE.00,2024-03-02T06:30:22.500000Z,2024-03-02T06:30:22.670000Z,2024-03-02T06:30:22.910000Z,0.8704395,P
1,FR.HOHE.00,2024-03-02T06:30:28.100000Z,2024-03-02T06:30:28.300000Z,2024-03-02T06:30:28.510000Z,0.8719856,S
2,FR.HOHE.00,2024-03-02T06:30:55.500000Z,2024-03-02T06:30:55.510000Z,2024-03-02T06:30:55.590000Z,0.20747802,P
3,FR.HOHE.00,2024-03-02T06:31:00.850000Z,2024-03-02T06:31:01.010000Z,2024-03-02T06:31:01.220000Z,0.56743944,S
4,FR.HOHE.00,2024-03-02T06:31:06.160000Z,2024-03-02T06:31:06.180000Z,2024-03-02T06:31:06.350000Z,0.21379115,S
5,FR.HOHE.00,2024-03-02T06:31:17.310000Z,2024-03-02T06:31:17.500000Z,2024-03-02T06:31:17.740000Z,0.7824405,P
6,FR.HOHE.00,2024-03-02T06:31:22.930000Z,2024-03-02T06:31:23.120000Z,2024-03-02T06:31:23.340000Z,0.8127481,S
7,RG.STUN.00,2024-03-02T06:28:03.869538Z,2024-03-02T06:28:03.929538Z,2024-03-02T06:28:04.089538Z,0.3924471,S
8,RG.STUN.00,2024-03-02T06:29:08.969538Z,2024-03-02T06:29:09.139538Z,2024-03-02T06:29:09.379538Z,0.44438297,S
9,RG.STUN.00,2024-03-02T06:30:11.919538Z,2024-03-02T06:30:12.049538Z,2024-03-02T06:30:12.219538Z,0.47331682,P
10,RG.STUN.00,2024-03-02T06:30:16.019538Z,2024-03-02T06:30:16.209538Z,2024-03-02T06:30:16.419538Z,0.90018666,P
11,RG.STUN.00,2024-03-02T06:30:17.369538Z,2024-03-02T06:30:17.549538Z,2024-03-02T06:30:17.759538Z,0.9431837,S
12,RG.STUN.00,2024-03-02T06:30:21.749538Z,2024-03-02T06:30:21.839538Z,2024-03-02T06:30:21.989538Z,0.25805062,P
13,RG.STUN.00,2024-03-02T06:30:48.829538Z,2024-03-02T06:30:49.009538Z,2024-03-02T06:30:49.219538Z,0.976772,P
14,RG.STUN.00,2024-03-02T06:30:50.129538Z,2024-03-02T06:30:50.309538Z,2024-03-02T06:30:50.509538Z,0.9534573,S
15,RG.STUN.00,2024-03-02T06:30:53.879538Z,2024-03-02T06:30:54.039538Z,2024-03-02T06:30:54.249538Z,0.7784804,P
16,RG.STUN.00,2024-03-02T06:30:55.229538Z,2024-03-02T06:30:55.379538Z,2024-03-02T06:30:55.569538Z,0.6559706,S
17,RG.STUN.00,2024-03-02T06:31:10.889538Z,2024-03-02T06:31:11.069538Z,2024-03-02T06:31:11.279538Z,0.97053146,P
18,RG.STUN.00,2024-03-02T06:31:12.199538Z,2024-03-02T06:31:12.369538Z,2024-03-02T06:31:12.579538Z,0.9150317,S
19,RG.STUN.00,2024-03-02T06:31:32.959538Z,2024-03-02T06:31:33.149538Z,2024-03-02T06:31:33.339538Z,0.58760977,S
20,RG.STUN.00,2024-03-02T06:31:47.649538Z,2024-03-02T06:31:47.649538Z,2024-03-02T06:31:47.859538Z,0.27983287,S
21,RG.STUN.00,2024-03-02T06:32:17.939538Z,2024-03-02T06:32:17.999538Z,2024-03-02T06:32:18.189538Z,0.29497164,P
22,RG.STUN.00,2024-03-02T06:32:18.969538Z,2024-03-02T06:32:19.009538Z,2024-03-02T06:32:19.149538Z,0.24930277,P
23,RG.STUN.00,2024-03-02T06:32:22.479538Z,2024-03-02T06:32:22.559538Z,2024-03-02T06:32:22.789538Z,0.26412144,S
24,RG.STUN.00,2024-03-02T06:32:41.719538Z,2024-03-02T06:32:41.789538Z,2024-03-02T06:32:41.989538Z,0.35120833,S
25,RG.STUN.00,2024-03-02T06:32:46.969538Z,2024-03-02T06:32:47.049538Z,2024-03-02T06:32:47.269538Z,0.33007154,P
26,RG.STUN.00,2024-03-02T06:32:48.349538Z,2024-03-02T06:32:48.359538Z,2024-03-02T06:32:48.519538Z,0.22653328,S
27,RG.STUN.00,2024-03-02T06:32:50.669538Z,2024-03-02T06:32:50.839538Z,2024-03-02T06:32:51.019538Z,0.42978266,S
28,RG.STUN.00,2024-03-02T06:32:53.779538Z,2024-03-02T06:32:53.929538Z,2024-03-02T06:32:54.139538Z,0.52434963,P
29,RG.STUN.00,2024-03-02T06:34:09.289538Z,2024-03-02T06:34:09.349538Z,2024-03-02T06:34:09.559538Z,0.3043963,P
30,RG.STUN.00,2024-03-02T06:34:12.899538Z,2024-03-02T06:34:13.029538Z,2024-03-02T06:34:13.229538Z,0.6166498,P
31,RG.STUN.00,2024-03-02T06:34:14.099538Z,2024-03-02T06:34:14.269538Z,2024-03-02T06:34:14.479538Z,0.7933011,S
32,RG.STUN.00,2024-03-02T06:34:25.429538Z,2024-03-02T06:34:25.439538Z,2024-03-02T06:34:25.559538Z,0.20658003,P
33,RG.STUN.00,2024-03-02T06:34:42.689538Z,2024-03-02T06:34:42.689538Z,2024-03-02T06:34:42.749538Z,0.21743229,P
34,RG.STUN.00,2024-03-02T06:34:55.389538Z,2024-03-02T06:34:55.389538Z,2024-03-02T06:34:55.589538Z,0.20082608,S
35,FR.SZBH.02,2024-03-02T06:29:39.890000Z,2024-03-02T06:29:39.960000Z,2024-03-02T06:29:40.130000Z,0.26898327,P
36,FR.SZBH.02,2024-03-02T06:30:00.060000Z,2024-03-02T06:30:00.100000Z,2024-03-02T06:30:00.260000Z,0.24179779,P
37,FR.SZBH.02,2024-03-02T06:30:16.450000Z,2024-03-02T06:30:16.500000Z,2024-03-02T06:30:16.820000Z,0.36628196,P
38,FR.SZBH.02,2024-03-02T06:30:17.660000Z,2024-03-02T06:30:17.830000Z,2024-03-02T06:30:18.030000Z,0.9523672,S
39,FR.SZBH.02,2024-03-02T06:30:49.100000Z,2024-03-02T06:30:49.270000Z,2024-03-02T06:30:49.480000Z,0.93744534,P
40,FR.SZBH.02,2024-03-02T06:30:50.420000Z,2024-03-02T06:30:50.590000Z,2024-03-02T06:30:50.800000Z,0.95191056,S
41,FR.SZBH.02,2024-03-02T06:30:54.270000Z,2024-03-02T06:30:54.410000Z,2024-03-02T06:30:54.620000Z,0.35750592,P
42,FR.SZBH.02,2024-03-02T06:30:54.790000Z,2024-03-02T06:30:54.850000Z,2024-03-02T06:30:55.060000Z,0.2582954,P
43,FR.SZBH.02,2024-03-02T06:30:55.500000Z,2024-03-02T06:30:55.650000Z,2024-03-02T06:30:55.870000Z,0.9123473,S
44,FR.SZBH.02,2024-03-02T06:31:11.170000Z,2024-03-02T06:31:11.340000Z,2024-03-02T06:31:11.560000Z,0.9457755,P
45,FR.SZBH.02,2024-03-02T06:31:12.490000Z,2024-03-02T06:31:12.660000Z,2024-03-02T06:31:12.870000Z,0.96929866,S
46,FR.SZBH.02,2024-03-02T06:31:33.300000Z,2024-03-02T06:31:33.440000Z,2024-03-02T06:31:33.630000Z,0.54981506,S
47,FR.SZBH.02,2024-03-02T06:31:40.570000Z,2024-03-02T06:31:40.580000Z,2024-03-02T06:31:40.750000Z,0.20209318,P
48,FR.SZBH.02,2024-03-02T06:32:47.930000Z,2024-03-02T06:32:47.930000Z,2024-03-02T06:32:48.040000Z,0.20646606,P
49,FR.SZBH.02,2024-03-02T06:32:48.460000Z,2024-03-02T06:32:48.640000Z,2024-03-02T06:32:48.840000Z,0.90698624,S
50,FR.SZBH.02,2024-03-02T06:32:55.810000Z,2024-03-02T06:32:55.860000Z,2024-03-02T06:32:56.000000Z,0.2111845,P
51,FR.SZBH.02,2024-03-02T06:32:57.890000Z,2024-03-02T06:32:57.890000Z,2024-03-02T06:32:58.060000Z,0.20160933,S
52,FR.SZBH.02,2024-03-02T06:33:25.080000Z,2024-03-02T06:33:25.220000Z,2024-03-02T06:33:25.350000Z,0.31989297,S
53,FR.SZBH.02,2024-03-02T06:34:08.960000Z,2024-03-02T06:34:09.050000Z,2024-03-02T06:34:09.210000Z,0.24957286,S
54,FR.SZBH.02,2024-03-02T06:34:14.400000Z,2024-03-02T06:34:14.550000Z,2024-03-02T06:34:14.770000Z,0.8769672,S
55,RG.RITT.00,2024-03-02T06:30:15.569538Z,2024-03-02T06:30:15.739538Z,2024-03-02T06:30:15.949538Z,0.96857095,P
56,RG.RITT.00,2024-03-02T06:30:16.639538Z,2024-03-02T06:30:16.819538Z,2024-03-02T06:30:17.009538Z,0.9575195,S
57,RG.RITT.00,2024-03-02T06:30:48.329538Z,2024-03-02T06:30:48.499538Z,2024-03-02T06:30:48.709538Z,0.9802252,P
58,RG.RITT.00,2024-03-02T06:30:49.409538Z,2024-03-02T06:30:49.579538Z,2024-03-02T06:30:49.789538Z,0.9520285,S
59,RG.RITT.00,2024-03-02T06:30:53.399538Z,2024-03-02T06:30:53.629538Z,2024-03-02T06:30:53.869538Z,0.66750735,P
60,RG.RITT.00,2024-03-02T06:30:54.449538Z,2024-03-02T06:30:54.619538Z,2024-03-02T06:30:54.819538Z,0.9350226,S
61,RG.RITT.00,2024-03-02T06:31:10.379538Z,2024-03-02T06:31:10.569538Z,2024-03-02T06:31:10.759538Z,0.97803986,P
62,RG.RITT.00,2024-03-02T06:31:11.459538Z,2024-03-02T06:31:11.619538Z,2024-03-02T06:31:11.829538Z,0.94899213,S
63,RG.RITT.00,2024-03-02T06:31:31.379538Z,2024-03-02T06:31:31.569538Z,2024-03-02T06:31:31.749538Z,0.833514,P
64,RG.RITT.00,2024-03-02T06:31:32.269538Z,2024-03-02T06:31:32.439538Z,2024-03-02T06:31:32.649538Z,0.9317487,S
65,RG.RITT.00,2024-03-02T06:31:48.039538Z,2024-03-02T06:31:48.099538Z,2024-03-02T06:31:48.279538Z,0.28906003,P
66,RG.RITT.00,2024-03-02T06:32:14.619538Z,2024-03-02T06:32:14.749538Z,2024-03-02T06:32:14.869538Z,0.43700096,P
67,RG.RITT.00,2024-03-02T06:32:46.379538Z,2024-03-02T06:32:46.539538Z,2024-03-02T06:32:46.769538Z,0.87810314,P
68,RG.RITT.00,2024-03-02T06:32:47.409538Z,2024-03-02T06:32:47.589538Z,2024-03-02T06:32:47.789538Z,0.9328161,S
69,RG.RITT.00,2024-03-02T06:34:12.279538Z,2024-03-02T06:34:12.459538Z,2024-03-02T06:34:12.659538Z,0.96312296,P
70,RG.RITT.00,2024-03-02T06:34:13.329538Z,2024-03-02T06:34:13.509538Z,2024-03-02T06:34:13.739538Z,0.82871425,S
71,FR.LEMB.00,2024-03-02T06:30:18.430000Z,2024-03-02T06:30:18.600000Z,2024-03-02T06:30:18.810000Z,0.9135238,P
72,FR.LEMB.00,2024-03-02T06:30:21.140000Z,2024-03-02T06:30:21.320000Z,2024-03-02T06:30:21.510000Z,0.933092,S
73,FR.LEMB.00,2024-03-02T06:30:27.450000Z,2024-03-02T06:30:27.550000Z,2024-03-02T06:30:27.690000Z,0.32636783,S
74,FR.LEMB.00,2024-03-02T06:30:36.070000Z,2024-03-02T06:30:36.160000Z,2024-03-02T06:30:36.280000Z,0.24535789,P
75,FR.LEMB.00,2024-03-02T06:30:51.340000Z,2024-03-02T06:30:51.530000Z,2024-03-02T06:30:51.770000Z,0.7756125,P
76,FR.LEMB.00,2024-03-02T06:30:53.900000Z,2024-03-02T06:30:54.080000Z,2024-03-02T06:30:54.280000Z,0.8978834,S
77,FR.LEMB.00,2024-03-02T06:30:58.250000Z,2024-03-02T06:30:58.260000Z,2024-03-02T06:30:58.410000Z,0.21158585,P
78,FR.LEMB.00,2024-03-02T06:30:59.060000Z,2024-03-02T06:30:59.150000Z,2024-03-02T06:30:59.300000Z,0.3296207,S
79,FR.LEMB.00,2024-03-02T06:31:13.260000Z,2024-03-02T06:31:13.460000Z,2024-03-02T06:31:13.750000Z,0.7664765,P
80,FR.LEMB.00,2024-03-02T06:31:15.970000Z,2024-03-02T06:31:16.150000Z,2024-03-02T06:31:16.340000Z,0.91857976,S
81,FR.LEMB.00,2024-03-02T06:32:52.020000Z,2024-03-02T06:32:52.130000Z,2024-03-02T06:32:52.320000Z,0.4895789,S
82,FR.LEMB.00,2024-03-02T06:32:52.030000Z,2024-03-02T06:32:52.170000Z,2024-03-02T06:32:52.300000Z,0.25414404,P
83,FR.LEMB.00,2024-03-02T06:32:54.470000Z,2024-03-02T06:32:54.610000Z,2024-03-02T06:32:54.780000Z,0.4441747,S
84,FR.LEMB.00,2024-03-02T06:34:17.880000Z,2024-03-02T06:34:18.070000Z,2024-03-02T06:34:18.270000Z,0.81931674,S
85,RG.OBER.00,2024-03-02T06:30:16.019538Z,2024-03-02T06:30:16.189538Z,2024-03-02T06:30:16.399538Z,0.9778334,P
86,RG.OBER.00,2024-03-02T06:30:17.269538Z,2024-03-02T06:30:17.439538Z,2024-03-02T06:30:17.639538Z,0.95910853,S
87,RG.OBER.00,2024-03-02T06:30:48.759538Z,2024-03-02T06:30:48.939538Z,2024-03-02T06:30:49.149538Z,0.9811238,P
88,RG.OBER.00,2024-03-02T06:30:50.019538Z,2024-03-02T06:30:50.199538Z,2024-03-02T06:30:50.399538Z,0.9549018,S
89,RG.OBER.00,2024-03-02T06:30:53.989538Z,2024-03-02T06:30:54.179538Z,2024-03-02T06:30:54.449538Z,0.6863463,P
90,RG.OBER.00,2024-03-02T06:30:55.099538Z,2024-03-02T06:30:55.259538Z,2024-03-02T06:30:55.469538Z,0.93393064,S
91,RG.OBER.00,2024-03-02T06:31:10.839538Z,2024-03-02T06:31:11.009538Z,2024-03-02T06:31:11.219538Z,0.9629744,P
92,RG.OBER.00,2024-03-02T06:31:12.099538Z,2024-03-02T06:31:12.259538Z,2024-03-02T06:31:12.469538Z,0.95946145,S
93,RG.OBER.00,2024-03-02T06:31:31.729538Z,2024-03-02T06:31:31.769538Z,2024-03-02T06:31:31.969538Z,0.28057033,P
94,RG.OBER.00,2024-03-02T06:31:32.889538Z,2024-03-02T06:31:33.039538Z,2024-03-02T06:31:33.229538Z,0.6002369,S
95,RG.OBER.00,2024-03-02T06:31:49.529538Z,2024-03-02T06:31:49.679538Z,2024-03-02T06:31:49.879538Z,0.7183659,P
96,RG.OBER.00,2024-03-02T06:31:49.689538Z,2024-03-02T06:31:49.759538Z,2024-03-02T06:31:49.879538Z,0.27054486,S
97,RG.OBER.00,2024-03-02T06:31:51.699538Z,2024-03-02T06:31:51.839538Z,2024-03-02T06:31:52.039538Z,0.4781534,S
98,RG.OBER.00,2024-03-02T06:31:55.789538Z,2024-03-02T06:31:55.809538Z,2024-03-02T06:31:55.989538Z,0.2071639,P
99,RG.OBER.00,2024-03-02T06:31:56.349538Z,2024-03-02T06:31:56.449538Z,2024-03-02T06:31:56.649538Z,0.6102246,S
100,RG.OBER.00,2024-03-02T06:32:08.019538Z,2024-03-02T06:32:08.169538Z,2024-03-02T06:32:08.339538Z,0.70308757,S
101,RG.OBER.00,2024-03-02T06:32:11.929538Z,2024-03-02T06:32:12.019538Z,2024-03-02T06:32:12.159538Z,0.35874248,S
102,RG.OBER.00,2024-03-02T06:32:17.299538Z,2024-03-02T06:32:17.559538Z,2024-03-02T06:32:17.769538Z,0.5914426,P
103,RG.OBER.00,2024-03-02T06:32:18.349538Z,2024-03-02T06:32:18.539538Z,2024-03-02T06:32:18.719538Z,0.9360033,S
104,RG.OBER.00,2024-03-02T06:32:47.689538Z,2024-03-02T06:32:47.689538Z,2024-03-02T06:32:47.779538Z,0.20614493,P
105,RG.OBER.00,2024-03-02T06:32:48.109538Z,2024-03-02T06:32:48.299538Z,2024-03-02T06:32:48.469538Z,0.8932902,S
106,RG.OBER.00,2024-03-02T06:33:38.809538Z,2024-03-02T06:33:38.919538Z,2024-03-02T06:33:39.109538Z,0.40992117,P
107,RG.OBER.00,2024-03-02T06:33:40.579538Z,2024-03-02T06:33:40.689538Z,2024-03-02T06:33:40.879538Z,0.57027733,S
108,RG.OBER.00,2024-03-02T06:33:52.689538Z,2024-03-02T06:33:52.749538Z,2024-03-02T06:33:52.909538Z,0.25250834,S
109,RG.OBER.00,2024-03-02T06:34:13.169538Z,2024-03-02T06:34:13.389538Z,2024-03-02T06:34:13.649538Z,0.5538391,P
110,RG.OBER.00,2024-03-02T06:34:14.009538Z,2024-03-02T06:34:14.189538Z,2024-03-02T06:34:14.379538Z,0.95924807,S
111,RG.KUHL.00,2024-03-02T06:29:49.329538Z,2024-03-02T06:29:49.389538Z,2024-03-02T06:29:49.589538Z,0.23793489,S
112,RG.KUHL.00,2024-03-02T06:30:15.559538Z,2024-03-02T06:30:15.729538Z,2024-03-02T06:30:15.939538Z,0.9843258,P
113,RG.KUHL.00,2024-03-02T06:30:16.429538Z,2024-03-02T06:30:16.599538Z,2024-03-02T06:30:16.799538Z,0.95889586,S
114,RG.KUHL.00,2024-03-02T06:30:48.329538Z,2024-03-02T06:30:48.489538Z,2024-03-02T06:30:48.689538Z,0.98347104,P
115,RG.KUHL.00,2024-03-02T06:30:49.199538Z,2024-03-02T06:30:49.359538Z,2024-03-02T06:30:49.569538Z,0.9664668,S
116,RG.KUHL.00,2024-03-02T06:30:53.389538Z,2024-03-02T06:30:53.559538Z,2024-03-02T06:30:53.749538Z,0.94043636,P
117,RG.KUHL.00,2024-03-02T06:30:54.259538Z,2024-03-02T06:30:54.429538Z,2024-03-02T06:30:54.629538Z,0.93741965,S
118,RG.KUHL.00,2024-03-02T06:31:10.379538Z,2024-03-02T06:31:10.549538Z,2024-03-02T06:31:10.749538Z,0.9874663,P
119,RG.KUHL.00,2024-03-02T06:31:11.259538Z,2024-03-02T06:31:11.429538Z,2024-03-02T06:31:11.639538Z,0.96063584,S
120,RG.KUHL.00,2024-03-02T06:31:19.729538Z,2024-03-02T06:31:19.839538Z,2024-03-02T06:31:20.029538Z,0.3930145,P
121,RG.KUHL.00,2024-03-02T06:31:20.569538Z,2024-03-02T06:31:20.689538Z,2024-03-02T06:31:20.879538Z,0.43367606,S
122,RG.KUHL.00,2024-03-02T06:31:31.169538Z,2024-03-02T06:31:31.349538Z,2024-03-02T06:31:31.549538Z,0.9862438,P
123,RG.KUHL.00,2024-03-02T06:31:32.059538Z,2024-03-02T06:31:32.229538Z,2024-03-02T06:31:32.419538Z,0.96321726,S
124,RG.KUHL.00,2024-03-02T06:31:47.839538Z,2024-03-02T06:31:48.009538Z,2024-03-02T06:31:48.209538Z,0.9714704,P
125,RG.KUHL.00,2024-03-02T06:31:48.699538Z,2024-03-02T06:31:48.879538Z,2024-03-02T06:31:49.079538Z,0.9489379,S
126,RG.KUHL.00,2024-03-02T06:31:54.579538Z,2024-03-02T06:31:54.729538Z,2024-03-02T06:31:54.909538Z,0.6061777,P
127,RG.KUHL.00,2024-03-02T06:31:55.489538Z,2024-03-02T06:31:55.619538Z,2024-03-02T06:31:55.809538Z,0.37452587,S
128,RG.KUHL.00,2024-03-02T06:32:06.279538Z,2024-03-02T06:32:06.449538Z,2024-03-02T06:32:06.619538Z,0.7254659,P
129,RG.KUHL.00,2024-03-02T06:32:07.179538Z,2024-03-02T06:32:07.299538Z,2024-03-02T06:32:07.499538Z,0.5921984,S
130,RG.KUHL.00,2024-03-02T06:32:10.169538Z,2024-03-02T06:32:10.309538Z,2024-03-02T06:32:10.499538Z,0.5087489,P
131,RG.KUHL.00,2024-03-02T06:32:11.039538Z,2024-03-02T06:32:11.179538Z,2024-03-02T06:32:11.379538Z,0.6548294,S
132,RG.KUHL.00,2024-03-02T06:32:16.629538Z,2024-03-02T06:32:16.799538Z,2024-03-02T06:32:16.999538Z,0.9796014,P
133,RG.KUHL.00,2024-03-02T06:32:17.489538Z,2024-03-02T06:32:17.669538Z,2024-03-02T06:32:17.879538Z,0.94899106,S
134,RG.KUHL.00,2024-03-02T06:32:29.429538Z,2024-03-02T06:32:29.559538Z,2024-03-02T06:32:29.749538Z,0.59639466,P
135,RG.KUHL.00,2024-03-02T06:32:30.369538Z,2024-03-02T06:32:30.429538Z,2024-03-02T06:32:30.599538Z,0.2750672,S
136,RG.KUHL.00,2024-03-02T06:32:38.169538Z,2024-03-02T06:32:38.289538Z,2024-03-02T06:32:38.479538Z,0.48957485,P
137,RG.KUHL.00,2024-03-02T06:32:39.049538Z,2024-03-02T06:32:39.169538Z,2024-03-02T06:32:39.349538Z,0.36324978,S
138,RG.KUHL.00,2024-03-02T06:32:46.359538Z,2024-03-02T06:32:46.529538Z,2024-03-02T06:32:46.729538Z,0.9870428,P
139,RG.KUHL.00,2024-03-02T06:32:47.229538Z,2024-03-02T06:32:47.409538Z,2024-03-02T06:32:47.609538Z,0.9248684,S
140,RG.KUHL.00,2024-03-02T06:33:22.949538Z,2024-03-02T06:33:23.119538Z,2024-03-02T06:33:23.309538Z,0.6822445,P
141,RG.KUHL.00,2024-03-02T06:33:23.809538Z,2024-03-02T06:33:23.969538Z,2024-03-02T06:33:24.199538Z,0.7730849,S
142,RG.KUHL.00,2024-03-02T06:33:37.009538Z,2024-03-02T06:33:37.129538Z,2024-03-02T06:33:37.309538Z,0.4617417,P
143,RG.KUHL.00,2024-03-02T06:33:50.889538Z,2024-03-02T06:33:51.019538Z,2024-03-02T06:33:51.209538Z,0.500004,P
144,RG.KUHL.00,2024-03-02T06:33:51.749538Z,2024-03-02T06:33:51.899538Z,2024-03-02T06:33:52.089538Z,0.45210406,S
145,RG.KUHL.00,2024-03-02T06:34:12.269538Z,2024-03-02T06:34:12.449538Z,2024-03-02T06:34:12.649538Z,0.9807322,P
146,RG.KUHL.00,2024-03-02T06:34:13.179538Z,2024-03-02T06:34:13.339538Z,2024-03-02T06:34:13.549538Z,0.9536224,S
147,RG.KUHL.00,2024-03-02T06:34:21.289538Z,2024-03-02T06:34:21.289538Z,2024-03-02T06:34:21.469538Z,0.20097306,P
148,RG.KUHL.00,2024-03-02T06:34:22.469538Z,2024-03-02T06:34:22.549538Z,2024-03-02T06:34:22.709538Z,0.2946649,P
149,RG.KUHL.00,2024-03-02T06:34:23.289538Z,2024-03-02T06:34:23.399538Z,2024-03-02T06:34:23.609538Z,0.44551626,S
150,FR.CIEL.00,2024-03-02T06:30:22.430000Z,2024-03-02T06:30:22.600000Z,2024-03-02T06:30:22.790000Z,0.7395942,P
151,FR.CIEL.00,2024-03-02T06:30:27.900000Z,2024-03-02T06:30:28.030000Z,2024-03-02T06:30:28.280000Z,0.4841451,S
152,FR.CIEL.00,2024-03-02T06:30:55.200000Z,2024-03-02T06:30:55.340000Z,2024-03-02T06:30:55.500000Z,0.46147704,P
153,FR.CIEL.00,2024-03-02T06:31:01.230000Z,2024-03-02T06:31:01.270000Z,2024-03-02T06:31:01.460000Z,0.22018458,S
154,FR.CIEL.00,2024-03-02T06:31:17.240000Z,2024-03-02T06:31:17.420000Z,2024-03-02T06:31:17.590000Z,0.5397829,P
155,FR.CIEL.00,2024-03-02T06:31:24.320000Z,2024-03-02T06:31:24.420000Z,2024-03-02T06:31:24.570000Z,0.29263055,S
156,FO.BETS.00,2024-03-02T06:30:15.430000Z,2024-03-02T06:30:15.610000Z,2024-03-02T06:30:15.790000Z,0.98604393,P
157,FO.BETS.00,2024-03-02T06:30:16.320000Z,2024-03-02T06:30:16.500000Z,2024-03-02T06:30:16.690000Z,0.96489036,S
158,FO.BETS.00,2024-03-02T06:30:48.200000Z,2024-03-02T06:30:48.370000Z,2024-03-02T06:30:48.570000Z,0.98174345,P
159,FO.BETS.00,2024-03-02T06:30:49.100000Z,2024-03-02T06:30:49.270000Z,2024-03-02T06:30:49.460000Z,0.95973814,S
160,FO.BETS.00,2024-03-02T06:30:53.260000Z,2024-03-02T06:30:53.420000Z,2024-03-02T06:30:53.630000Z,0.9299452,P
161,FO.BETS.00,2024-03-02T06:30:54.150000Z,2024-03-02T06:30:54.300000Z,2024-03-02T06:30:54.520000Z,0.91492486,S
162,FO.BETS.00,2024-03-02T06:31:10.250000Z,2024-03-02T06:31:10.420000Z,2024-03-02T06:31:10.630000Z,0.9802236,P
163,FO.BETS.00,2024-03-02T06:31:11.130000Z,2024-03-02T06:31:11.290000Z,2024-03-02T06:31:11.500000Z,0.95878816,S
164,FO.BETS.00,2024-03-02T06:31:18.990000Z,2024-03-02T06:31:19.030000Z,2024-03-02T06:31:19.200000Z,0.22564064,P
165,FO.BETS.00,2024-03-02T06:31:19.760000Z,2024-03-02T06:31:19.800000Z,2024-03-02T06:31:19.910000Z,0.20463859,P
166,FO.BETS.00,2024-03-02T06:31:20.490000Z,2024-03-02T06:31:20.620000Z,2024-03-02T06:31:20.810000Z,0.46740457,S
167,FO.BETS.00,2024-03-02T06:31:31.040000Z,2024-03-02T06:31:31.220000Z,2024-03-02T06:31:31.410000Z,0.9795177,P
168,FO.BETS.00,2024-03-02T06:31:31.960000Z,2024-03-02T06:31:32.120000Z,2024-03-02T06:31:32.340000Z,0.9372829,S
169,FO.BETS.00,2024-03-02T06:31:47.670000Z,2024-03-02T06:31:47.840000Z,2024-03-02T06:31:48.040000Z,0.92267835,P
170,FO.BETS.00,2024-03-02T06:31:48.570000Z,2024-03-02T06:31:48.750000Z,2024-03-02T06:31:48.950000Z,0.9097852,S
171,FO.BETS.00,2024-03-02T06:31:54.380000Z,2024-03-02T06:31:54.560000Z,2024-03-02T06:31:54.740000Z,0.88513273,P
172,FO.BETS.00,2024-03-02T06:31:55.270000Z,2024-03-02T06:31:55.440000Z,2024-03-02T06:31:55.640000Z,0.88604563,S
173,FO.BETS.00,2024-03-02T06:32:07.070000Z,2024-03-02T06:32:07.080000Z,2024-03-02T06:32:07.210000Z,0.20470673,S
174,FO.BETS.00,2024-03-02T06:32:16.500000Z,2024-03-02T06:32:16.660000Z,2024-03-02T06:32:16.870000Z,0.9236722,P
175,FO.BETS.00,2024-03-02T06:32:17.390000Z,2024-03-02T06:32:17.550000Z,2024-03-02T06:32:17.770000Z,0.88638675,S
176,FO.BETS.00,2024-03-02T06:32:46.200000Z,2024-03-02T06:32:46.370000Z,2024-03-02T06:32:46.560000Z,0.97776467,P
177,FO.BETS.00,2024-03-02T06:32:47.070000Z,2024-03-02T06:32:47.250000Z,2024-03-02T06:32:47.420000Z,0.94945824,S
178,FO.BETS.00,2024-03-02T06:33:22.870000Z,2024-03-02T06:33:22.920000Z,2024-03-02T06:33:23.080000Z,0.22055861,P
179,FO.BETS.00,2024-03-02T06:33:23.640000Z,2024-03-02T06:33:23.780000Z,2024-03-02T06:33:23.960000Z,0.45673156,S
180,FO.BETS.00,2024-03-02T06:33:50.710000Z,2024-03-02T06:33:50.860000Z,2024-03-02T06:33:51.030000Z,0.55372113,P
181,FO.BETS.00,2024-03-02T06:33:51.600000Z,2024-03-02T06:33:51.750000Z,2024-03-02T06:33:51.930000Z,0.5809496,S
182,FO.BETS.00,2024-03-02T06:34:12.110000Z,2024-03-02T06:34:12.300000Z,2024-03-02T06:34:12.490000Z,0.9753532,P
183,FO.BETS.00,2024-03-02T06:34:12.980000Z,2024-03-02T06:34:13.150000Z,2024-03-02T06:34:13.340000Z,0.95863146,S
184,FO.BETS.00,2024-03-02T06:34:26.840000Z,2024-03-02T06:34:26.990000Z,2024-03-02T06:34:27.180000Z,0.31537104,P
185,FO.BETS.00,2024-03-02T06:34:57.350000Z,2024-03-02T06:34:57.440000Z,2024-03-02T06:34:57.500000Z,0.24294075,P
186,RG.SUBF.00,2024-03-02T06:30:16.430000Z,2024-03-02T06:30:16.570000Z,2024-03-02T06:30:16.790000Z,0.9748625,P
187,RG.SUBF.00,2024-03-02T06:30:17.810000Z,2024-03-02T06:30:18.010000Z,2024-03-02T06:30:18.210000Z,0.90154326,S
188,RG.SUBF.00,2024-03-02T06:30:49.160000Z,2024-03-02T06:30:49.330000Z,2024-03-02T06:30:49.550000Z,0.9823028,P
189,RG.SUBF.00,2024-03-02T06:30:50.580000Z,2024-03-02T06:30:50.780000Z,2024-03-02T06:30:50.980000Z,0.86653423,S
190,RG.SUBF.00,2024-03-02T06:30:54.240000Z,2024-03-02T06:30:54.460000Z,2024-03-02T06:30:54.690000Z,0.7049463,P
191,RG.SUBF.00,2024-03-02T06:30:55.670000Z,2024-03-02T06:30:55.840000Z,2024-03-02T06:30:56.050000Z,0.8917186,S
192,RG.SUBF.00,2024-03-02T06:31:11.240000Z,2024-03-02T06:31:11.410000Z,2024-03-02T06:31:11.620000Z,0.98040247,P
193,RG.SUBF.00,2024-03-02T06:31:12.650000Z,2024-03-02T06:31:12.830000Z,2024-03-02T06:31:13.030000Z,0.9427474,S
194,RG.SUBF.00,2024-03-02T06:31:33.500000Z,2024-03-02T06:31:33.630000Z,2024-03-02T06:31:33.820000Z,0.44863984,S
195,RG.SUBF.00,2024-03-02T06:31:48.730000Z,2024-03-02T06:31:48.900000Z,2024-03-02T06:31:49.110000Z,0.488899,P
196,RG.SUBF.00,2024-03-02T06:32:47.190000Z,2024-03-02T06:32:47.350000Z,2024-03-02T06:32:47.580000Z,0.943563,P
197,RG.SUBF.00,2024-03-02T06:32:48.590000Z,2024-03-02T06:32:48.770000Z,2024-03-02T06:32:48.970000Z,0.95992756,S
198,RG.SUBF.00,2024-03-02T06:34:13.120000Z,2024-03-02T06:34:13.290000Z,2024-03-02T06:34:13.510000Z,0.950948,P
199,RG.SUBF.00,2024-03-02T06:34:14.540000Z,2024-03-02T06:34:14.710000Z,2024-03-02T06:34:14.920000Z,0.95883447,S
200,RG.SCHW.00,2024-03-02T06:30:16.090000Z,2024-03-02T06:30:16.260000Z,2024-03-02T06:30:16.460000Z,0.9839601,P
201,RG.SCHW.00,2024-03-02T06:30:17.350000Z,2024-03-02T06:30:17.530000Z,2024-03-02T06:30:17.740000Z,0.93602014,S
202,RG.SCHW.00,2024-03-02T06:30:48.860000Z,2024-03-02T06:30:49.030000Z,2024-03-02T06:30:49.240000Z,0.9856715,P
203,RG.SCHW.00,2024-03-02T06:30:50.110000Z,2024-03-02T06:30:50.280000Z,2024-03-02T06:30:50.490000Z,0.9584062,S
204,RG.SCHW.00,2024-03-02T06:30:53.900000Z,2024-03-02T06:30:54.070000Z,2024-03-02T06:30:54.280000Z,0.9543344,P
205,RG.SCHW.00,2024-03-02T06:30:55.160000Z,2024-03-02T06:30:55.370000Z,2024-03-02T06:30:55.560000Z,0.7963897,S
206,RG.SCHW.00,2024-03-02T06:31:10.920000Z,2024-03-02T06:31:11.090000Z,2024-03-02T06:31:11.290000Z,0.97796416,P
207,RG.SCHW.00,2024-03-02T06:31:12.230000Z,2024-03-02T06:31:12.410000Z,2024-03-02T06:31:12.610000Z,0.95479727,S
208,RG.SCHW.00,2024-03-02T06:31:32.970000Z,2024-03-02T06:31:33.120000Z,2024-03-02T06:31:33.300000Z,0.5009228,S
209,RG.SCHW.00,2024-03-02T06:31:48.370000Z,2024-03-02T06:31:48.540000Z,2024-03-02T06:31:48.750000Z,0.8830091,P
210,RG.SCHW.00,2024-03-02T06:31:49.690000Z,2024-03-02T06:31:49.790000Z,2024-03-02T06:31:49.930000Z,0.2840525,S
211,RG.SCHW.00,2024-03-02T06:31:51.620000Z,2024-03-02T06:31:51.820000Z,2024-03-02T06:31:52.030000Z,0.5312679,S
212,RG.SCHW.00,2024-03-02T06:31:55.100000Z,2024-03-02T06:31:55.230000Z,2024-03-02T06:31:55.420000Z,0.53917086,P
213,RG.SCHW.00,2024-03-02T06:31:56.330000Z,2024-03-02T06:31:56.440000Z,2024-03-02T06:31:56.650000Z,0.36021942,S
214,RG.SCHW.00,2024-03-02T06:32:06.740000Z,2024-03-02T06:32:06.820000Z,2024-03-02T06:32:07.020000Z,0.4037396,P
215,RG.SCHW.00,2024-03-02T06:32:17.160000Z,2024-03-02T06:32:17.340000Z,2024-03-02T06:32:17.540000Z,0.9676454,P
216,RG.SCHW.00,2024-03-02T06:32:18.390000Z,2024-03-02T06:32:18.560000Z,2024-03-02T06:32:18.820000Z,0.7820552,S
217,RG.SCHW.00,2024-03-02T06:32:46.870000Z,2024-03-02T06:32:47.040000Z,2024-03-02T06:32:47.250000Z,0.97904325,P
218,RG.SCHW.00,2024-03-02T06:32:48.090000Z,2024-03-02T06:32:48.250000Z,2024-03-02T06:32:48.450000Z,0.9625248,S
219,RG.SCHW.00,2024-03-02T06:33:38.820000Z,2024-03-02T06:33:38.880000Z,2024-03-02T06:33:39.040000Z,0.22262038,S
220,RG.SCHW.00,2024-03-02T06:33:51.420000Z,2024-03-02T06:33:51.550000Z,2024-03-02T06:33:51.750000Z,0.5066708,P
221,RG.SCHW.00,2024-03-02T06:33:52.620000Z,2024-03-02T06:33:52.770000Z,2024-03-02T06:33:52.990000Z,0.41528597,S
222,RG.SCHW.00,2024-03-02T06:34:12.810000Z,2024-03-02T06:34:12.980000Z,2024-03-02T06:34:13.180000Z,0.9731707,P
223,RG.SCHW.00,2024-03-02T06:34:14.010000Z,2024-03-02T06:34:14.180000Z,2024-03-02T06:34:14.410000Z,0.9525083,S
224,RG.FOR.00,2024-03-02T06:29:27.160000Z,2024-03-02T06:29:27.240000Z,2024-03-02T06:29:27.370000Z,0.2659239,P
225,RG.FOR.00,2024-03-02T06:29:32.230000Z,2024-03-02T06:29:32.350000Z,2024-03-02T06:29:32.570000Z,0.5779114,S
226,RG.FOR.00,2024-03-02T06:30:16.380000Z,2024-03-02T06:30:16.550000Z,2024-03-02T06:30:16.770000Z,0.91194934,P
227,RG.FOR.00,2024-03-02T06:30:17.820000Z,2024-03-02T06:30:17.990000Z,2024-03-02T06:30:18.220000Z,0.9315442,S
228,RG.FOR.00,2024-03-02T06:30:49.160000Z,2024-03-02T06:30:49.330000Z,2024-03-02T06:30:49.530000Z,0.9436151,P
229,RG.FOR.00,2024-03-02T06:30:50.590000Z,2024-03-02T06:30:50.780000Z,2024-03-02T06:30:50.990000Z,0.9192394,S
230,RG.FOR.00,2024-03-02T06:30:54.310000Z,2024-03-02T06:30:54.450000Z,2024-03-02T06:30:54.910000Z,0.3758523,P
231,RG.FOR.00,2024-03-02T06:30:55.690000Z,2024-03-02T06:30:55.860000Z,2024-03-02T06:30:56.070000Z,0.9134226,S
232,RG.FOR.00,2024-03-02T06:31:11.250000Z,2024-03-02T06:31:11.390000Z,2024-03-02T06:31:11.610000Z,0.8816829,P
233,RG.FOR.00,2024-03-02T06:31:12.650000Z,2024-03-02T06:31:12.840000Z,2024-03-02T06:31:13.060000Z,0.94649273,S
234,RG.FOR.00,2024-03-02T06:31:33.490000Z,2024-03-02T06:31:33.620000Z,2024-03-02T06:31:33.820000Z,0.50674397,S
235,RG.FOR.00,2024-03-02T06:31:48.910000Z,2024-03-02T06:31:49.090000Z,2024-03-02T06:31:49.300000Z,0.7739798,P
236,RG.FOR.00,2024-03-02T06:31:50.110000Z,2024-03-02T06:31:50.280000Z,2024-03-02T06:31:50.500000Z,0.9211099,S
237,RG.FOR.00,2024-03-02T06:31:55.450000Z,2024-03-02T06:31:55.610000Z,2024-03-02T06:31:55.830000Z,0.8096677,P
238,RG.FOR.00,2024-03-02T06:31:56.840000Z,2024-03-02T06:31:57.020000Z,2024-03-02T06:31:57.230000Z,0.89117205,S
239,RG.FOR.00,2024-03-02T06:32:08.590000Z,2024-03-02T06:32:08.680000Z,2024-03-02T06:32:08.820000Z,0.25486884,P
240,RG.FOR.00,2024-03-02T06:32:17.780000Z,2024-03-02T06:32:17.950000Z,2024-03-02T06:32:18.110000Z,0.50957763,P
241,RG.FOR.00,2024-03-02T06:32:18.940000Z,2024-03-02T06:32:19.110000Z,2024-03-02T06:32:19.330000Z,0.87041116,S
242,RG.FOR.00,2024-03-02T06:32:28.460000Z,2024-03-02T06:32:28.540000Z,2024-03-02T06:32:28.720000Z,0.37444323,S
243,RG.FOR.00,2024-03-02T06:32:28.490000Z,2024-03-02T06:32:28.590000Z,2024-03-02T06:32:28.750000Z,0.5212425,P
244,RG.FOR.00,2024-03-02T06:32:40.460000Z,2024-03-02T06:32:40.590000Z,2024-03-02T06:32:40.770000Z,0.5032535,P
245,RG.FOR.00,2024-03-02T06:32:47.200000Z,2024-03-02T06:32:47.370000Z,2024-03-02T06:32:47.590000Z,0.91720945,P
246,RG.FOR.00,2024-03-02T06:32:48.640000Z,2024-03-02T06:32:48.820000Z,2024-03-02T06:32:49.030000Z,0.9442843,S
247,RG.FOR.00,2024-03-02T06:33:25.240000Z,2024-03-02T06:33:25.380000Z,2024-03-02T06:33:25.540000Z,0.3513056,S
248,RG.FOR.00,2024-03-02T06:33:34.620000Z,2024-03-02T06:33:34.720000Z,2024-03-02T06:33:34.870000Z,0.47988915,P
249,RG.FOR.00,2024-03-02T06:33:41.140000Z,2024-03-02T06:33:41.290000Z,2024-03-02T06:33:41.450000Z,0.37216258,S
250,RG.FOR.00,2024-03-02T06:33:53.090000Z,2024-03-02T06:33:53.250000Z,2024-03-02T06:33:53.480000Z,0.5761462,S
251,RG.FOR.00,2024-03-02T06:34:09.140000Z,2024-03-02T06:34:09.240000Z,2024-03-02T06:34:09.410000Z,0.31454763,P
252,RG.FOR.00,2024-03-02T06:34:13.210000Z,2024-03-02T06:34:13.400000Z,2024-03-02T06:34:13.590000Z,0.710679,P
253,RG.FOR.00,2024-03-02T06:34:14.570000Z,2024-03-02T06:34:14.740000Z,2024-03-02T06:34:14.960000Z,0.9205381,S
254,RG.FOR.00,2024-03-02T06:34:21.210000Z,2024-03-02T06:34:21.260000Z,2024-03-02T06:34:21.380000Z,0.32390147,P
255,FO.OPS.00,2024-03-02T06:30:16.020000Z,2024-03-02T06:30:16.200000Z,2024-03-02T06:30:16.400000Z,0.97175825,P
256,FO.OPS.00,2024-03-02T06:30:17.150000Z,2024-03-02T06:30:17.300000Z,2024-03-02T06:30:17.530000Z,0.9463169,S
257,FO.OPS.00,2024-03-02T06:30:48.770000Z,2024-03-02T06:30:48.940000Z,2024-03-02T06:30:49.150000Z,0.97668743,P
258,FO.OPS.00,2024-03-02T06:30:49.920000Z,2024-03-02T06:30:50.080000Z,2024-03-02T06:30:50.310000Z,0.90375566,S
259,FO.OPS.00,2024-03-02T06:30:53.850000Z,2024-03-02T06:30:54.030000Z,2024-03-02T06:30:54.250000Z,0.8263314,P
260,FO.OPS.00,2024-03-02T06:30:54.980000Z,2024-03-02T06:30:55.130000Z,2024-03-02T06:30:55.370000Z,0.8720077,S
261,FO.OPS.00,2024-03-02T06:31:10.860000Z,2024-03-02T06:31:11.040000Z,2024-03-02T06:31:11.240000Z,0.96637714,P
262,FO.OPS.00,2024-03-02T06:31:11.970000Z,2024-03-02T06:31:12.130000Z,2024-03-02T06:31:12.370000Z,0.91420925,S
263,FO.OPS.00,2024-03-02T06:31:21.390000Z,2024-03-02T06:31:21.520000Z,2024-03-02T06:31:21.700000Z,0.40050274,S
264,FO.OPS.00,2024-03-02T06:31:31.680000Z,2024-03-02T06:31:31.840000Z,2024-03-02T06:31:32.050000Z,0.95239913,P
265,FO.OPS.00,2024-03-02T06:31:32.790000Z,2024-03-02T06:31:32.980000Z,2024-03-02T06:31:33.180000Z,0.8788669,S
266,FO.OPS.00,2024-03-02T06:31:48.380000Z,2024-03-02T06:31:48.560000Z,2024-03-02T06:31:48.760000Z,0.9267181,P
267,FO.OPS.00,2024-03-02T06:31:49.440000Z,2024-03-02T06:31:49.620000Z,2024-03-02T06:31:49.840000Z,0.8297032,S
268,FO.OPS.00,2024-03-02T06:31:55.340000Z,2024-03-02T06:31:55.450000Z,2024-03-02T06:31:55.710000Z,0.3218216,P
269,FO.OPS.00,2024-03-02T06:31:56.180000Z,2024-03-02T06:31:56.360000Z,2024-03-02T06:31:56.560000Z,0.68956006,S
270,FO.OPS.00,2024-03-02T06:32:07.860000Z,2024-03-02T06:32:07.970000Z,2024-03-02T06:32:08.140000Z,0.3088427,S
271,FO.OPS.00,2024-03-02T06:32:11.410000Z,2024-03-02T06:32:11.450000Z,2024-03-02T06:32:11.600000Z,0.21657652,P
272,FO.OPS.00,2024-03-02T06:32:17.200000Z,2024-03-02T06:32:17.360000Z,2024-03-02T06:32:17.550000Z,0.68355757,P
273,FO.OPS.00,2024-03-02T06:32:18.260000Z,2024-03-02T06:32:18.450000Z,2024-03-02T06:32:18.650000Z,0.65729815,S
274,FO.OPS.00,2024-03-02T06:32:39.930000Z,2024-03-02T06:32:39.970000Z,2024-03-02T06:32:40.070000Z,0.2293927,S
275,FO.OPS.00,2024-03-02T06:32:46.910000Z,2024-03-02T06:32:47.080000Z,2024-03-02T06:32:47.280000Z,0.95241463,P
276,FO.OPS.00,2024-03-02T06:32:47.940000Z,2024-03-02T06:32:48.100000Z,2024-03-02T06:32:48.310000Z,0.9285106,S
277,FO.OPS.00,2024-03-02T06:32:57.570000Z,2024-03-02T06:32:57.610000Z,2024-03-02T06:32:57.750000Z,0.24142042,S
278,FO.OPS.00,2024-03-02T06:33:40.430000Z,2024-03-02T06:33:40.530000Z,2024-03-02T06:33:40.750000Z,0.3367849,S
279,FO.OPS.00,2024-03-02T06:33:51.400000Z,2024-03-02T06:33:51.560000Z,2024-03-02T06:33:51.770000Z,0.8648653,P
280,FO.OPS.00,2024-03-02T06:33:52.460000Z,2024-03-02T06:33:52.660000Z,2024-03-02T06:33:52.870000Z,0.7491108,S
281,FO.OPS.00,2024-03-02T06:34:08.390000Z,2024-03-02T06:34:08.540000Z,2024-03-02T06:34:08.740000Z,0.5111476,S
282,FO.OPS.00,2024-03-02T06:34:12.810000Z,2024-03-02T06:34:12.970000Z,2024-03-02T06:34:13.180000Z,0.95759314,P
283,FO.OPS.00,2024-03-02T06:34:13.850000Z,2024-03-02T06:34:14.030000Z,2024-03-02T06:34:14.240000Z,0.9288148,S
284,FO.OPS.00,2024-03-02T06:34:23.980000Z,2024-03-02T06:34:24.070000Z,2024-03-02T06:34:24.220000Z,0.30060044,S
285,RG.KEFF.00,2024-03-02T06:30:16.970000Z,2024-03-02T06:30:17.150000Z,2024-03-02T06:30:17.360000Z,0.9693777,P
286,RG.KEFF.00,2024-03-02T06:30:18.680000Z,2024-03-02T06:30:18.870000Z,2024-03-02T06:30:19.130000Z,0.7893177,S
287,RG.KEFF.00,2024-03-02T06:30:25.060000Z,2024-03-02T06:30:25.110000Z,2024-03-02T06:30:25.360000Z,0.2705361,S
288,RG.KEFF.00,2024-03-02T06:30:33.650000Z,2024-03-02T06:30:33.750000Z,2024-03-02T06:30:33.920000Z,0.30367127,S
289,RG.KEFF.00,2024-03-02T06:30:49.730000Z,2024-03-02T06:30:49.910000Z,2024-03-02T06:30:50.110000Z,0.9696773,P
290,RG.KEFF.00,2024-03-02T06:30:51.440000Z,2024-03-02T06:30:51.620000Z,2024-03-02T06:30:51.860000Z,0.8559457,S
291,RG.KEFF.00,2024-03-02T06:30:54.860000Z,2024-03-02T06:30:55.010000Z,2024-03-02T06:30:55.210000Z,0.93690765,P
292,RG.KEFF.00,2024-03-02T06:30:56.510000Z,2024-03-02T06:30:56.700000Z,2024-03-02T06:30:56.930000Z,0.7905517,S
293,RG.KEFF.00,2024-03-02T06:31:11.790000Z,2024-03-02T06:31:11.980000Z,2024-03-02T06:31:12.170000Z,0.96267915,P
294,RG.KEFF.00,2024-03-02T06:31:13.540000Z,2024-03-02T06:31:13.690000Z,2024-03-02T06:31:13.950000Z,0.8544986,S
295,RG.KEFF.00,2024-03-02T06:31:32.680000Z,2024-03-02T06:31:32.810000Z,2024-03-02T06:31:33.000000Z,0.47006726,P
296,RG.KEFF.00,2024-03-02T06:31:34.430000Z,2024-03-02T06:31:34.590000Z,2024-03-02T06:31:34.760000Z,0.40041614,S
297,RG.KEFF.00,2024-03-02T06:31:44.520000Z,2024-03-02T06:31:44.520000Z,2024-03-02T06:31:44.820000Z,0.20830047,S
298,RG.KEFF.00,2024-03-02T06:31:49.290000Z,2024-03-02T06:31:49.460000Z,2024-03-02T06:31:49.650000Z,0.7509862,P
299,RG.KEFF.00,2024-03-02T06:31:51.310000Z,2024-03-02T06:31:51.610000Z,2024-03-02T06:31:51.820000Z,0.31329134,S
300,RG.KEFF.00,2024-03-02T06:31:56.040000Z,2024-03-02T06:31:56.210000Z,2024-03-02T06:31:56.390000Z,0.75526154,P
301,RG.KEFF.00,2024-03-02T06:31:57.820000Z,2024-03-02T06:31:57.970000Z,2024-03-02T06:31:58.150000Z,0.5461557,S
302,RG.KEFF.00,2024-03-02T06:32:18.080000Z,2024-03-02T06:32:18.260000Z,2024-03-02T06:32:18.460000Z,0.908203,P
303,RG.KEFF.00,2024-03-02T06:32:19.910000Z,2024-03-02T06:32:20.100000Z,2024-03-02T06:32:20.330000Z,0.8226357,S
304,RG.KEFF.00,2024-03-02T06:32:39.750000Z,2024-03-02T06:32:39.840000Z,2024-03-02T06:32:39.950000Z,0.22183442,P
305,RG.KEFF.00,2024-03-02T06:32:47.790000Z,2024-03-02T06:32:47.980000Z,2024-03-02T06:32:48.170000Z,0.9780101,P
306,RG.KEFF.00,2024-03-02T06:32:51.500000Z,2024-03-02T06:32:51.690000Z,2024-03-02T06:32:51.900000Z,0.43887573,S
307,RG.KEFF.00,2024-03-02T06:33:52.410000Z,2024-03-02T06:33:52.530000Z,2024-03-02T06:33:52.720000Z,0.53769916,P
308,RG.KEFF.00,2024-03-02T06:34:13.730000Z,2024-03-02T06:34:13.910000Z,2024-03-02T06:34:14.110000Z,0.9638049,P
309,RG.KEFF.00,2024-03-02T06:34:15.440000Z,2024-03-02T06:34:15.600000Z,2024-03-02T06:34:15.860000Z,0.82246965,S
310,RG.GUNS.00,2024-03-02T06:30:17.250000Z,2024-03-02T06:30:17.420000Z,2024-03-02T06:30:17.630000Z,0.93762547,P
311,RG.GUNS.00,2024-03-02T06:30:19.420000Z,2024-03-02T06:30:19.610000Z,2024-03-02T06:30:19.840000Z,0.8231815,S
312,RG.GUNS.00,2024-03-02T06:30:49.990000Z,2024-03-02T06:30:50.170000Z,2024-03-02T06:30:50.370000Z,0.9176712,P
313,RG.GUNS.00,2024-03-02T06:30:52.170000Z,2024-03-02T06:30:52.360000Z,2024-03-02T06:30:52.580000Z,0.7998165,S
314,RG.GUNS.00,2024-03-02T06:30:55.410000Z,2024-03-02T06:30:55.540000Z,2024-03-02T06:30:55.750000Z,0.5754772,P
315,RG.GUNS.00,2024-03-02T06:30:57.380000Z,2024-03-02T06:30:57.480000Z,2024-03-02T06:30:57.720000Z,0.23737243,S
316,RG.GUNS.00,2024-03-02T06:31:12.090000Z,2024-03-02T06:31:12.260000Z,2024-03-02T06:31:12.480000Z,0.9513447,P
317,RG.GUNS.00,2024-03-02T06:31:14.220000Z,2024-03-02T06:31:14.440000Z,2024-03-02T06:31:14.640000Z,0.8127564,S
318,RG.GUNS.00,2024-03-02T06:31:35.140000Z,2024-03-02T06:31:35.200000Z,2024-03-02T06:31:35.450000Z,0.26210582,S
319,RG.GUNS.00,2024-03-02T06:32:18.760000Z,2024-03-02T06:32:18.810000Z,2024-03-02T06:32:18.940000Z,0.24933928,P
320,RG.GUNS.00,2024-03-02T06:32:47.310000Z,2024-03-02T06:32:47.490000Z,2024-03-02T06:32:47.680000Z,0.559493,P
321,RG.GUNS.00,2024-03-02T06:32:48.460000Z,2024-03-02T06:32:48.500000Z,2024-03-02T06:32:48.660000Z,0.3093792,P
322,RG.GUNS.00,2024-03-02T06:32:50.160000Z,2024-03-02T06:32:50.340000Z,2024-03-02T06:32:50.560000Z,0.8637701,S
323,RG.GUNS.00,2024-03-02T06:33:52.880000Z,2024-03-02T06:33:52.970000Z,2024-03-02T06:33:53.180000Z,0.39598423,P
324,RG.GUNS.00,2024-03-02T06:33:54.830000Z,2024-03-02T06:33:54.950000Z,2024-03-02T06:33:55.210000Z,0.36555427,S
325,RG.GUNS.00,2024-03-02T06:34:14.040000Z,2024-03-02T06:34:14.400000Z,2024-03-02T06:34:14.610000Z,0.6751615,P
326,RG.GUNS.00,2024-03-02T06:34:16.140000Z,2024-03-02T06:34:16.320000Z,2024-03-02T06:34:16.630000Z,0.6928233,S
327,RG.LAMP.00,2024-03-02T06:29:05.070000Z,2024-03-02T06:29:05.160000Z,2024-03-02T06:29:05.270000Z,0.24637312,P
328,RG.LAMP.00,2024-03-02T06:30:17.380000Z,2024-03-02T06:30:17.510000Z,2024-03-02T06:30:17.950000Z,0.8506872,P
329,RG.LAMP.00,2024-03-02T06:30:19.280000Z,2024-03-02T06:30:19.480000Z,2024-03-02T06:30:19.680000Z,0.83548224,S
330,RG.LAMP.00,2024-03-02T06:30:50.150000Z,2024-03-02T06:30:50.320000Z,2024-03-02T06:30:50.730000Z,0.89106256,P
331,RG.LAMP.00,2024-03-02T06:30:52.060000Z,2024-03-02T06:30:52.260000Z,2024-03-02T06:30:52.460000Z,0.6926365,S
332,RG.LAMP.00,2024-03-02T06:30:55.750000Z,2024-03-02T06:30:55.920000Z,2024-03-02T06:30:56.400000Z,0.3858055,P
333,RG.LAMP.00,2024-03-02T06:30:57.590000Z,2024-03-02T06:30:57.760000Z,2024-03-02T06:30:57.960000Z,0.9014975,S
334,RG.LAMP.00,2024-03-02T06:31:12.210000Z,2024-03-02T06:31:12.400000Z,2024-03-02T06:31:12.700000Z,0.66950166,P
335,RG.LAMP.00,2024-03-02T06:31:14.110000Z,2024-03-02T06:31:14.310000Z,2024-03-02T06:31:14.530000Z,0.82736254,S
336,RG.LAMP.00,2024-03-02T06:31:33.300000Z,2024-03-02T06:31:33.440000Z,2024-03-02T06:31:33.620000Z,0.48418763,P
337,RG.LAMP.00,2024-03-02T06:31:35.380000Z,2024-03-02T06:31:35.520000Z,2024-03-02T06:31:35.700000Z,0.45033318,S
338,RG.LAMP.00,2024-03-02T06:31:51.340000Z,2024-03-02T06:31:51.400000Z,2024-03-02T06:31:51.650000Z,0.21834393,P
339,RG.LAMP.00,2024-03-02T06:31:52.110000Z,2024-03-02T06:31:52.190000Z,2024-03-02T06:31:52.400000Z,0.36205006,S
340,RG.LAMP.00,2024-03-02T06:32:20.300000Z,2024-03-02T06:32:20.420000Z,2024-03-02T06:32:20.660000Z,0.38769075,S
341,RG.LAMP.00,2024-03-02T06:32:48.440000Z,2024-03-02T06:32:48.600000Z,2024-03-02T06:32:48.810000Z,0.90972096,P
342,RG.LAMP.00,2024-03-02T06:32:50.090000Z,2024-03-02T06:32:50.280000Z,2024-03-02T06:32:50.510000Z,0.87347317,S
343,RG.LAMP.00,2024-03-02T06:33:22.800000Z,2024-03-02T06:33:22.880000Z,2024-03-02T06:33:23.030000Z,0.24567118,P
344,RG.LAMP.00,2024-03-02T06:33:42.720000Z,2024-03-02T06:33:42.720000Z,2024-03-02T06:33:42.880000Z,0.23122421,S
345,RG.LAMP.00,2024-03-02T06:33:51.320000Z,2024-03-02T06:33:51.440000Z,2024-03-02T06:33:51.650000Z,0.43209314,P
346,RG.LAMP.00,2024-03-02T06:33:54.570000Z,2024-03-02T06:33:54.800000Z,2024-03-02T06:33:55.020000Z,0.6219851,S
347,RG.LAMP.00,2024-03-02T06:34:14.390000Z,2024-03-02T06:34:14.560000Z,2024-03-02T06:34:14.780000Z,0.7181381,P
348,RG.LAMP.00,2024-03-02T06:34:16.020000Z,2024-03-02T06:34:16.190000Z,2024-03-02T06:34:16.420000Z,0.8963953,S
